title,industry,company_name,company_website,job_url
Bench Sales Recruiter,Staffing and Recruiting,Fronix Solutions,N/A,https://www.naukri.com/job-listings-bench-sales-recruiter-fronix-solutions-hyderabad-3-to-5-years-050126012549
Bench sales recruiters,Staffing and Recruiting,Cblsol,N/A,https://www.naukri.com/job-listings-bench-sales-cblsol-hyderabad-1-to-5-years-271225012948
Bench Sales Recruiter - Only For Females (Night shifts)-(8pm To 5am),Staffing and Recruiting,Tubman Technologies Inc,N/A,https://www.naukri.com/job-listings-bench-sales-recruiter-only-for-females-night-shifts-8pm-to-5am-tubman-technologies-inc-hyderabad-0-to-1-years-130825001589
Fresher - Bench Sales Recruiter,Staffing and Recruiting,Circle IT Solutions,N/A,https://www.naukri.com/job-listings-fresher-bench-sales-recruiter-circle-it-solutions-hyderabad-secunderabad-0-to-1-years-050523010216
Bench Sales Recruiters - Immediate Hirings,Staffing and Recruiting,Circle IT Solutions,N/A,https://www.naukri.com/job-listings-bench-sales-immediate-hirings-circle-it-solutions-hyderabad-secunderabad-1-to-3-years-160622000096
Bench Sales Recruiter / Business Development Executive,Staffing and Recruiting,Baanyan Softtech Services,N/A,https://www.naukri.com/job-listings-bench-sales-recruiter-business-development-executive-baanyan-softtech-services-kolkata-0-to-2-years-221225032595
Bench Sales Recruiters,Staffing and Recruiting,CBL Solutions,N/A,https://www.naukri.com/job-listings-bench-sales-dataskate-hyderabad-0-to-4-years-271023500140
Bench Sales Recruiter,Staffing and Recruiting,Sri Technosoft Solutions,https://sritechnosoft.info/,https://www.naukri.com/job-listings-bench-sales-recruiter-sri-technosoft-solutions-hyderabad-0-to-0-years-050126034759
Freshers - Bench Sales Recruiter,Staffing and Recruiting,CBL Solutions,N/A,https://www.naukri.com/job-listings-freshers-bench-sales-recruiter-cbl-solutions-hyderabad-0-to-1-years-090923500124
Bench Sales Recruiter,Staffing and Recruiting,Platinus Technologiess,N/A,https://www.naukri.com/job-listings-bench-sales-recruiter-platinus-technologies-hyderabad-2-to-5-years-050126034834
Bench Sales Recruiter,Staffing and Recruiting,Baanyan Softtech Services,N/A,https://www.naukri.com/job-listings-bench-sales-recruiter-baanyan-softtech-services-kolkata-0-to-3-years-111125044821
Bench Sales Recruiter,Staffing and Recruiting,Thought Circuits Services LLC,N/A,https://www.naukri.com/job-listings-bench-sales-recruiter-thought-circuits-services-llc-vijayawada-guntur-eluru-0-to-0-years-241225030612
Bench Sales Recruiter,Staffing and Recruiting,Kastech,N/A,https://www.naukri.com/job-listings-bench-sales-recruiter-kastech-software-solutions-india-private-limited-warangal-hyderabad-nizamabad-0-to-4-years-211125502977
Bench Sales Recruiter,Staffing and Recruiting,Avni Bpm Cloud Technologies,N/A,https://www.naukri.com/job-listings-bench-sales-recruiter-avni-bpm-cloud-technologies-vijayawada-5-to-10-years-251225000675
Bench Sales Recruiter,Staffing and Recruiting,Namo Technologies Llc,N/A,https://www.naukri.com/job-listings-bench-sales-recruiter-namo-technologies-llc-hyderabad-0-to-5-years-111125044357
Bench Sales Recruiter,Staffing and Recruiting,Mygo Consulting Inc.,N/A,https://www.naukri.com/job-listings-bench-sales-recruiter-mygo-consulting-inc-hyderabad-10-to-14-years-040126006474
Bench Sales Recruiter,Staffing and Recruiting,Vision Square It Staffing,N/A,https://www.naukri.com/job-listings-bench-sales-recruiter-vision-square-it-staffing-hyderabad-2-to-4-years-030126018644
Bench Sales Recruiter,Staffing and Recruiting,CBL Solutions,N/A,https://www.naukri.com/job-listings-bench-sales-recruiter-dataskate-hyderabad-0-to-3-years-141123500001
Bench Sales Recruiter,Staffing and Recruiting,CBL Solutions,N/A,https://www.naukri.com/job-listings-bench-sales-recruiter-dataskate-hyderabad-0-to-3-years-271023500139
Hiring Bench Sales Recruiters!!,Staffing and Recruiting,Platinus Technologies pvt ltd,N/A,https://www.naukri.com/job-listings-hiring-bench-sales-platinus-technologies-hyderabad-2-to-5-years-241225024520
Bench Sales Recruiter,Staffing and Recruiting,Spruce Infotech,N/A,https://www.naukri.com/job-listings-bench-sales-recruiter-spruce-it-pvt-ltd-hyderabad-secunderabad-1-to-4-years-291118600209
Bench Sales Recruiter,Staffing and Recruiting,VSP ASTRA SOLUTIONS PRIVATE LIMITED,https://vsp-astra.com/,https://www.naukri.com/job-listings-bench-sales-recruiter-vsp-astra-kondapur-0-to-1-years-041225000465
Bench Sales Recruiter,Staffing and Recruiting,United Consulting Hub,https://unitedconsultinghub.com/,https://www.naukri.com/job-listings-bench-sales-recruiter-united-consulting-hub-hyderabad-1-to-6-years-041225028901
Bench Sales Recruiters,Staffing and Recruiting,Logicplanet IT Services,N/A,https://www.naukri.com/job-listings-bench-sales-logicplanet-it-services-hyderabad-0-to-5-years-251125503611
Bench Sales Recruiter,Staffing and Recruiting,Techvise Consulting Services Llp,N/A,https://www.naukri.com/job-listings-bench-sales-recruiter-techvise-consulting-services-llp-new-delhi-0-to-5-years-171225039622
Bench Sales Recruiter,Staffing and Recruiting,SilverXis,N/A,https://www.naukri.com/job-listings-bench-sales-recruiter-silverxis-hyderabad-3-to-8-years-211124006938
Bench Sales Recruiter,Staffing and Recruiting,Tech Tammina,N/A,https://www.naukri.com/job-listings-bench-sales-recruiter-techtammina-llc-visakhapatnam-0-to-3-years-051124504330
Bench Sales Recruiter,Staffing and Recruiting,Srs Business Solutions India,N/A,https://www.naukri.com/job-listings-bench-sales-recruiter-srs-business-solutions-india-hyderabad-3-to-5-years-130825005019
Bench Sales Recruiter,Staffing and Recruiting,Thoughtcircuits,N/A,https://www.naukri.com/job-listings-bench-sales-recruiter-thought-circuits-services-private-limited-vijayawada-guntur-eluru-0-to-0-years-191225031294
Bench Sales Recruiter,Staffing and Recruiting,o3 Technology Solutions,N/A,https://www.naukri.com/job-listings-bench-sales-recruiter-o3-technology-solutions-hyderabad-2-to-3-years-091225017967
Bench Sales Recruiter,Staffing and Recruiting,Serene Info Solutions,N/A,https://www.naukri.com/job-listings-bench-sales-recruiter-serene-info-solutions-kolkata-1-to-5-years-060325504611
Bench Sales Recruiter,Staffing and Recruiting,CIS Technologies,N/A,https://www.naukri.com/job-listings-bench-sales-recruiter-cis-technologies-hyderabad-0-to-2-years-111125044753
Bench Sales Recruiter,Staffing and Recruiting,Sahsai Techclub Business Solutions,N/A,https://www.naukri.com/job-listings-bench-sales-recruiter-sahsai-techclub-business-solutions-hyderabad-3-to-5-years-191225030825
Bench Sales Recruiter,Staffing and Recruiting,Quadrant Technologies,N/A,https://www.naukri.com/job-listings-bench-sales-recruiter-quadrant-technologies-hyderabad-2-to-5-years-111225003946
Bench Sales Recruiter,Staffing and Recruiting,Kastech,N/A,https://www.naukri.com/job-listings-bench-sales-recruiter-kastech-software-solutions-india-private-limited-warangal-hyderabad-nizamabad-4-to-9-years-211125502528
